col0,col1,col2,col3,col4,col5,col6,col7,col8,col9,col10,col11,col12,col13,col14,col15,col16,col17,col18,col19,col20,col21,col22
Chesterfield,Barnes,→,→,→,→,Bayley,Bayley,Bayley,Bayley,Haslam,Haslam,Haslam,Haslam,→,→,→,→,Kenyon,Kenyon,Kenyon,Kenyon,Kenyon
Derby,Thomas Roe,Roe,Roe,Thomas Roe,Thomas Roe,Roe,H. H. Bemrose,Thomas Roe,Roe,Thomas Roe,Roe,Thomas Roe,Thomas Roe,Roe,Thomas Roe,Roe,Roe,Roe,Roe,Roe,Roe,Collins
Derby,Vernon-Harcourt,Vernon-Harcourt,Vernon-Harcourt,Vernon-Harcourt,Vernon-Harcourt,Vernon-Harcourt,Drage,Bell,→,→,→,→,→,Thomas,Thomas,Thomas,Thomas,Thomas,Thomas,Thomas,Thomas,Thomas
Derbyshire Mid,Sir James Alfred Jacoby,Jacoby,Jacoby,Sir James Alfred Jacoby,Jacoby,Jacoby,Sir James Alfred Jacoby,Sir James Alfred Jacoby,Sir James Alfred Jacoby,Jacoby,Jacoby,Jacoby,Hancock,Hancock,Hancock,Hancock,Hancock,Hancock,Hancock,Hancock,→,→
Derbyshire North East,The Honourable Francis Egerton,Bolton,Thomas Dolling Bolton,Thomas Dolling Bolton,Thomas Dolling Bolton,Thomas Dolling Bolton,Thomas Dolling Bolton,Bolton,Bolton,Thomas Dolling Bolton,Harvey,Harvey,Harvey,→,→,→,→,→,→,Bowden,Bowden,Bowden
Derbyshire South,Wardle,Wardle,Wardle,Wardle,Broad,Broad,Gretton,Gretton,Gretton,Raphael,Raphael,Raphael,Raphael,Raphael,Raphael,Raphael,Raphael,Raphael,Raphael,Raphael,Raphael,Raphael
Derbyshire West,Lord Cavendish,→,Lord Cavendish,Victor Christian William Cavendish,Victor Christian William Cavendish,V. Cavendish,V. Cavendish,V. Cavendish,V. Cavendish,V. Cavendish,V. Cavendish,Petty-FitzMaurice,Petty-FitzMaurice,Petty-FitzMaurice,Petty-FitzMaurice,Petty-FitzMaurice,→,→,→,→,→,→
High Peak,Sidebottom,Sidebottom,Sidebottom,Sidebottom,Sidebottom,Sidebottom,Sidebottom,Partington,Partington,Partington,Partington,Partington,Partington,Partington,Partington,Hill-Wood,"Sir Samuel Hill-Wood, 1st Baronet",Hill-Wood,"Sir Samuel Hill-Wood, 1st Baronet",Hill-Wood,Hill-Wood,Hill-Wood
Ilkeston,Watson,Watson,Foster,Foster,Foster,Foster,Foster,Foster,Foster,Foster,Foster,Foster,Foster,Foster,"J. E. B. Seely, 1st Baron Mottistone",Jack Seely,Jack Seely,John Seely,"J. E. B. Seely, 1st Baron Mottistone",J. E. B. Seely,Seely,John Edward Bernard Seely
